PK,Classification,Contains ABC Transporter,Contains n-methyl transferase,Contains flavin decarboxylase,Has CXXC motif and flavin decarboxylase in BGC,Has GST motif and flavin decarboxylase,Gene cluster and precursor in same direction,Charge of leader <1 at pH 7,Core contains >2 Cysteine,Leader contains 0 Cysteine,Core % Aliphatic and Dhb residues,Core begins with XTP motif,Leader contains GXG motif,Leader contains LXD motif,Leader contains FAN motif,Distance from LinG homolog,Length of precursor,Leader Percent A,R,D,N,C,Q,E,G,H,I,L,K,M,F,P,S,T,W,Y,V,% Aromatics,% Negative,% Positive,% Charged,% Aliphatic,% Hydroxyl,Core percent A,R,D,N,C,Q,E,G,H,I,L,K,M,F,P,S,T,W,Y,V,% Aromatics,% Negative,% Positive,% Charged,% Aliphatic,% Hydroxyl,Relative charge of core,Relative charge of leader,Relative charge of precursor,Absolute charge of core,Absolute charge of Leader,Absolute charge of precursor
28,,1,0,0,0,0,0,1,0,0,0.75,0,0,0,0,10000,24,0.0,0.08333333333333333,0.0,0.0,0.0,0.0,0.3333333333333333,0.0,0.0,0.0,0.3333333333333333,0.0,0.08333333333333333,0.0,0.0,0.0,0.08333333333333333,0.0,0.0,0.08333333333333333,0.0,0.3333333333333333,0.08333333333333333,0.41666666666666663,0.49999999999999994,0.08333333333333333,0.08333333333333333,0.0,0.25,0.0,0.0,0.0,0.0,0.25,0.0,0.08333333333333333,0.0,0.0,0.0,0.0,0.0,0.0,0.16666666666666666,0.0,0.0,0.16666666666666666,0.0,0.25,0.0,0.25,0.5833333333333334,0.16666666666666666,-3,-3,-6,3,3,6
29,,1,0,0,0,0,0,0,0,0,0.691358024691358,0,0,0,0,10000,141,0.18333333333333332,0.06666666666666667,0.03333333333333333,0.0,0.0,0.0,0.0,0.08333333333333333,0.0,0.06666666666666667,0.23333333333333334,0.0,0.016666666666666666,0.03333333333333333,0.03333333333333333,0.08333333333333333,0.05,0.03333333333333333,0.0,0.08333333333333333,0.06666666666666667,0.03333333333333333,0.06666666666666667,0.1,0.6666666666666666,0.13333333333333333,0.18518518518518517,0.09876543209876543,0.012345679012345678,0.0,0.012345679012345678,0.0,0.012345679012345678,0.1111111111111111,0.0,0.0,0.18518518518518517,0.0,0.012345679012345678,0.037037037037037035,0.037037037037037035,0.07407407407407407,0.1111111111111111,0.0,0.024691358024691357,0.08641975308641975,0.06172839506172839,0.024691358024691357,0.09876543209876543,0.12345679012345678,0.5802469135802468,0.18518518518518517,6,2,8,6,2,8
30,,1,0,0,0,0,0,1,0,0,0.5833333333333334,0,1,1,0,10000,245,0.12217194570135746,0.02262443438914027,0.11312217194570136,0.04524886877828054,0.0,0.058823529411764705,0.027149321266968326,0.14479638009049775,0.02262443438914027,0.049773755656108594,0.05429864253393665,0.00904977375565611,0.02262443438914027,0.03619909502262444,0.04072398190045249,0.06334841628959276,0.07239819004524888,0.013574660633484163,0.04524886877828054,0.03619909502262444,0.09502262443438914,0.14027149321266968,0.03167420814479638,0.17194570135746606,0.4298642533936651,0.13574660633484165,0.25,0.041666666666666664,0.041666666666666664,0.0,0.0,0.041666666666666664,0.0,0.16666666666666666,0.041666666666666664,0.0,0.125,0.0,0.0,0.041666666666666664,0.08333333333333333,0.125,0.0,0.0,0.0,0.041666666666666664,0.041666666666666664,0.041666666666666664,0.041666666666666664,0.08333333333333333,0.5833333333333333,0.125,0,-24,-24,0,24,24
31,,1,0,0,0,0,0,0,0,1,0.48299319727891155,0,1,1,0,10000,711,0.12943262411347517,0.0797872340425532,0.0425531914893617,0.02127659574468085,0.010638297872340425,0.051418439716312055,0.03546099290780142,0.07446808510638298,0.014184397163120567,0.0673758865248227,0.13297872340425532,0.01773049645390071,0.028368794326241134,0.03723404255319149,0.03900709219858156,0.0549645390070922,0.04609929078014184,0.014184397163120567,0.024822695035460994,0.07801418439716312,0.07624113475177305,0.07801418439716312,0.0975177304964539,0.17553191489361702,0.5106382978723404,0.10106382978723405,0.10884353741496598,0.12244897959183673,0.08163265306122448,0.02040816326530612,0.006802721088435374,0.027210884353741496,0.06802721088435375,0.08163265306122448,0.04081632653061224,0.05442176870748299,0.11564625850340136,0.006802721088435374,0.027210884353741496,0.02040816326530612,0.034013605442176874,0.05442176870748299,0.02040816326530612,0.013605442176870748,0.02040816326530612,0.07482993197278912,0.054421768707482984,0.14965986394557823,0.1292517006802721,0.27891156462585037,0.4625850340136054,0.07482993197278912,-3,11,8,3,11,8
32,,1,0,0,0,0,0,0,0,0,0.5173210161662818,0,0,0,0,10000,447,0.21428571428571427,0.0,0.0,0.14285714285714285,0.0,0.0,0.0,0.0,0.0,0.0,0.14285714285714285,0.07142857142857142,0.07142857142857142,0.0,0.14285714285714285,0.07142857142857142,0.07142857142857142,0.0,0.0,0.07142857142857142,0.0,0.0,0.07142857142857142,0.07142857142857142,0.5,0.14285714285714285,0.15704387990762125,0.10392609699769054,0.053117782909930716,0.023094688221709007,0.0,0.06928406466512702,0.05542725173210162,0.06697459584295612,0.006928406466512702,0.02771362586605081,0.12471131639722864,0.020785219399538105,0.013856812933025405,0.025404157043879907,0.04157043879907621,0.06004618937644342,0.053117782909930716,0.009237875288683603,0.013856812933025405,0.07390300230946882,0.04849884526558891,0.10854503464203233,0.12471131639722864,0.23325635103926096,0.4642032332563511,0.11316397228637413,7,1,8,7,1,8
33,,1,0,0,0,0,0,0,1,0,0.4936708860759494,0,0,0,0,10000,183,0.16,0.08,0.04,0.0,0.0,0.0,0.0,0.12,0.0,0.0,0.08,0.0,0.08,0.0,0.2,0.08,0.08,0.0,0.0,0.08,0.0,0.04,0.08,0.12,0.52,0.16,0.14556962025316456,0.08860759493670886,0.04430379746835443,0.03164556962025317,0.02531645569620253,0.056962025316455694,0.056962025316455694,0.03164556962025317,0.02531645569620253,0.03164556962025317,0.15822784810126583,0.0189873417721519,0.0189873417721519,0.02531645569620253,0.06329113924050633,0.056962025316455694,0.05063291139240506,0.006329113924050633,0.006329113924050633,0.056962025316455694,0.0379746835443038,0.10126582278481013,0.10759493670886076,0.2088607594936709,0.4430379746835443,0.10759493670886075,1,1,2,1,1,2
34,,1,0,0,0,0,0,1,1,0,0.5130890052356021,0,0,1,0,10000,283,0.1956521739130435,0.07608695652173914,0.05434782608695652,0.010869565217391304,0.0,0.021739130434782608,0.03260869565217391,0.021739130434782608,0.05434782608695652,0.021739130434782608,0.1956521739130435,0.010869565217391304,0.021739130434782608,0.021739130434782608,0.15217391304347827,0.03260869565217391,0.021739130434782608,0.010869565217391304,0.010869565217391304,0.03260869565217391,0.043478260869565216,0.08695652173913043,0.08695652173913043,0.17391304347826086,0.48913043478260865,0.05434782608695652,0.14136125654450263,0.14136125654450263,0.05759162303664921,0.020942408376963352,0.015706806282722512,0.020942408376963352,0.041884816753926704,0.06282722513089005,0.041884816753926704,0.03664921465968586,0.16230366492146597,0.0,0.010471204188481676,0.020942408376963352,0.06806282722513089,0.020942408376963352,0.041884816753926704,0.015706806282722512,0.020942408376963352,0.05759162303664921,0.05759162303664921,0.09947643979057591,0.14136125654450263,0.24083769633507857,0.4712041884816754,0.06282722513089006,8,0,8,8,0,8
35,,1,0,0,0,0,0,0,0,0,0.49728260869565216,0,0,0,0,10000,399,0.3870967741935484,0.06451612903225806,0.0,0.0,0.0,0.03225806451612903,0.06451612903225806,0.0,0.03225806451612903,0.03225806451612903,0.06451612903225806,0.03225806451612903,0.06451612903225806,0.0,0.0967741935483871,0.03225806451612903,0.03225806451612903,0.03225806451612903,0.0,0.03225806451612903,0.03225806451612903,0.06451612903225806,0.0967741935483871,0.16129032258064516,0.5806451612903225,0.06451612903225806,0.12228260869565218,0.09782608695652174,0.057065217391304345,0.010869565217391304,0.002717391304347826,0.043478260869565216,0.057065217391304345,0.09239130434782608,0.04619565217391304,0.04619565217391304,0.11956521739130435,0.01358695652173913,0.016304347826086956,0.029891304347826088,0.057065217391304345,0.043478260869565216,0.04076086956521739,0.005434782608695652,0.03804347826086957,0.059782608695652176,0.07336956521739131,0.11413043478260869,0.11141304347826088,0.22554347826086957,0.4565217391304348,0.08423913043478261,-1,1,0,1,1,0
36,,1,0,0,0,0,0,1,0,1,0.5111111111111111,0,1,1,0,10000,418,0.12953367875647667,0.07772020725388601,0.06217616580310881,0.015544041450777202,0.010362694300518135,0.015544041450777202,0.05699481865284974,0.06735751295336788,0.046632124352331605,0.05699481865284974,0.09844559585492228,0.015544041450777202,0.03626943005181347,0.03626943005181347,0.05181347150259067,0.05181347150259067,0.046632124352331605,0.010362694300518135,0.031088082901554404,0.08290155440414508,0.07772020725388601,0.11917098445595856,0.09326424870466321,0.21243523316062177,0.47150259067357514,0.09844559585492227,0.19555555555555557,0.07111111111111111,0.057777777777777775,0.017777777777777778,0.0,0.04888888888888889,0.044444444444444446,0.057777777777777775,0.02666666666666667,0.04888888888888889,0.09777777777777778,0.013333333333333334,0.013333333333333334,0.044444444444444446,0.08888888888888889,0.03111111111111111,0.044444444444444446,0.013333333333333334,0.03111111111111111,0.05333333333333334,0.08888888888888889,0.10222222222222221,0.08444444444444445,0.18666666666666668,0.4666666666666667,0.07555555555555556,-4,-5,-9,4,5,9
37,,1,0,0,0,0,0,0,0,1,0.6,0,1,1,0,10000,294,0.14457831325301204,0.06827309236947791,0.060240963855421686,0.012048192771084338,0.004016064257028112,0.04819277108433735,0.028112449799196786,0.10441767068273092,0.012048192771084338,0.05220883534136546,0.10843373493975904,0.024096385542168676,0.008032128514056224,0.0321285140562249,0.05622489959839357,0.05622489959839357,0.08835341365461848,0.008032128514056224,0.008032128514056224,0.07630522088353414,0.04819277108433735,0.08835341365461848,0.0923694779116466,0.18072289156626506,0.4939759036144578,0.14457831325301204,0.044444444444444446,0.1111111111111111,0.06666666666666667,0.044444444444444446,0.0,0.022222222222222223,0.044444444444444446,0.1111111111111111,0.0,0.022222222222222223,0.15555555555555556,0.0,0.022222222222222223,0.0,0.06666666666666667,0.022222222222222223,0.08888888888888889,0.0,0.022222222222222223,0.15555555555555556,0.022222222222222223,0.1111111111111111,0.1111111111111111,0.2222222222222222,0.5111111111111111,0.11111111111111112,0,1,1,0,1,1
38,,1,0,0,0,0,0,0,0,1,0.4779874213836478,0,1,1,0,10000,318,0.13836477987421383,0.11320754716981132,0.0440251572327044,0.025157232704402517,0.018867924528301886,0.06289308176100629,0.0440251572327044,0.08176100628930817,0.006289308176100629,0.025157232704402517,0.08176100628930817,0.006289308176100629,0.025157232704402517,0.031446540880503145,0.06918238993710692,0.025157232704402517,0.0440251572327044,0.018867924528301886,0.03773584905660377,0.10062893081761007,0.08805031446540881,0.0880503144654088,0.11949685534591195,0.20754716981132074,0.4528301886792453,0.06918238993710692,0.13836477987421383,0.06918238993710692,0.06918238993710692,0.006289308176100629,0.006289308176100629,0.031446540880503145,0.012578616352201259,0.07547169811320754,0.018867924528301886,0.05660377358490566,0.0880503144654088,0.031446540880503145,0.012578616352201259,0.050314465408805034,0.11320754716981132,0.06918238993710692,0.050314465408805034,0.025157232704402517,0.018867924528301886,0.05660377358490566,0.09433962264150944,0.08176100628930817,0.10062893081761007,0.18238993710691825,0.42767295597484273,0.11949685534591195,3,5,8,3,5,8
39,,1,0,0,0,0,0,0,0,0,0.592274678111588,0,1,1,0,10000,309,0.10526315789473684,0.14473684210526316,0.05263157894736842,0.02631578947368421,0.0,0.02631578947368421,0.05263157894736842,0.07894736842105263,0.02631578947368421,0.013157894736842105,0.25,0.013157894736842105,0.02631578947368421,0.0,0.07894736842105263,0.06578947368421052,0.0,0.0,0.0,0.039473684210526314,0.0,0.10526315789473684,0.15789473684210525,0.2631578947368421,0.5131578947368421,0.06578947368421052,0.1888412017167382,0.07296137339055794,0.04721030042918455,0.012875536480686695,0.008583690987124463,0.02575107296137339,0.05150214592274678,0.06437768240343347,0.004291845493562232,0.060085836909871244,0.12446351931330472,0.004291845493562232,0.030042918454935622,0.017167381974248927,0.07725321888412018,0.060085836909871244,0.05150214592274678,0.017167381974248927,0.008583690987124463,0.07296137339055794,0.04291845493562232,0.09871244635193133,0.07725321888412018,0.1759656652360515,0.5407725321888412,0.11158798283261803,-5,4,-1,5,4,1
40,,1,0,0,0,0,0,1,0,1,0.5064102564102564,0,1,1,0,10000,378,0.15315315315315314,0.0945945945945946,0.04054054054054054,0.013513513513513514,0.009009009009009009,0.013513513513513514,0.06306306306306306,0.07657657657657657,0.04054054054054054,0.05855855855855856,0.09009009009009009,0.009009009009009009,0.02252252252252252,0.04504504504504504,0.05855855855855856,0.04954954954954955,0.05855855855855856,0.03153153153153153,0.018018018018018018,0.05405405405405406,0.09459459459459459,0.1036036036036036,0.10360360360360361,0.20720720720720723,0.4549549549549549,0.10810810810810811,0.12179487179487179,0.08974358974358974,0.07051282051282051,0.04487179487179487,0.00641025641025641,0.00641025641025641,0.057692307692307696,0.12179487179487179,0.02564102564102564,0.03205128205128205,0.08333333333333333,0.00641025641025641,0.00641025641025641,0.038461538461538464,0.09615384615384616,0.019230769230769232,0.04487179487179487,0.019230769230769232,0.01282051282051282,0.09615384615384616,0.07051282051282051,0.1282051282051282,0.09615384615384616,0.2243589743589744,0.4615384615384615,0.0641025641025641,-5,0,-5,5,0,5
